Ticker,Date,Close,RSI,MACD_diff,SMA20,CCI,ADX,Stochastic,RSI_signal,MACD_signal,BB_signal,CCI_signal,Stochastic_signal,Overall_signal
06N,2025-11-21,3.0,46.39,-0.0245,3.03,-17.39,,20.0,Trzymaj,Sprzedaj,Trzymaj,Trzymaj,Kupuj,Sprzedaj
08N,2025-11-21,0.69,43.18,-0.002,0.71,-94.66,,14.29,Trzymaj,Sprzedaj,Trzymaj,Trzymaj,Kupuj,Sprzedaj
11B,2025-11-21,157.0,7.66,-1.1827,169.78,-77.43,,0.0,Silne kupuj,Sprzedaj,Trzymaj,Trzymaj,Kupuj,Kupuj
1AT,2025-11-21,54.5,27.63,-0.3533,57.76,-290.79,,0.0,Silne kupuj,Sprzedaj,Kupuj,Kupuj,Kupuj,Silne kupuj
3RG,2025-11-21,0.8,35.63,-0.0029,0.84,-174.99,,0.0,Kupuj,Sprzedaj,Kupuj,Kupuj,Kupuj,Silne kupuj
4MS,2025-11-21,4.28,46.41,0.0225,4.27,2.74,,63.93,Trzymaj,Kupuj,Trzymaj,Trzymaj,Trzymaj,Kupuj
AAT,2025-11-21,1.6,30.43,0.0044,1.66,-83.54,,10.71,Kupuj,Kupuj,Trzymaj,Trzymaj,Kupuj,Silne kupuj
ABE,2025-11-21,95.5,35.0,-0.0274,96.51,-106.08,,0.0,Kupuj,Sprzedaj,Trzymaj,Kupuj,Kupuj,Kupuj
ABS,2025-11-21,82.2,30.67,-0.4832,85.96,-192.82,,0.0,Kupuj,Sprzedaj,Kupuj,Kupuj,Kupuj,Silne kupuj
ACG,2025-11-21,24.9,20.0,-0.0576,25.6,-89.27,,0.0,Silne kupuj,Sprzedaj,Trzymaj,Trzymaj,Kupuj,Kupuj
ACP,2025-11-21,184.7,11.51,-2.2554,205.17,-102.33,,0.0,Silne kupuj,Sprzedaj,Trzymaj,Kupuj,Kupuj,Kupuj
ACT,2025-11-21,30.0,40.0,-0.1509,30.56,-63.9,,26.09,Trzymaj,Sprzedaj,Trzymaj,Trzymaj,Trzymaj,Sprzedaj
ADV,2025-11-21,0.68,52.84,-0.0011,0.69,-8.41,,21.21,Trzymaj,Sprzedaj,Trzymaj,Trzymaj,Trzymaj,Sprzedaj
AGO,2025-11-21,9.18,50.0,-0.03,9.18,-1.44,,65.96,Trzymaj,Sprzedaj,Trzymaj,Trzymaj,Trzymaj,Sprzedaj
AGT,2025-11-21,5.54,51.56,-0.0066,5.34,68.38,,100.0,Trzymaj,Sprzedaj,Trzymaj,Trzymaj,Sprzedaj,Sprzedaj
ALE,2025-11-21,31.19,19.85,-0.3552,33.93,-214.66,,0.0,Silne kupuj,Sprzedaj,Kupuj,Kupuj,Kupuj,Silne kupuj
ALG,2025-11-21,0.95,30.77,0.0011,0.95,-42.98,,0.0,Kupuj,Kupuj,Trzymaj,Trzymaj,Kupuj,Silne kupuj
ALI,2025-11-21,2.75,44.62,-0.0035,2.76,-10.08,,38.46,Trzymaj,Sprzedaj,Trzymaj,Trzymaj,Trzymaj,Sprzedaj
ALL,2025-11-21,15.0,42.17,0.0645,15.27,-27.56,,8.33,Trzymaj,Kupuj,Trzymaj,Trzymaj,Kupuj,Kupuj
ALR,2025-11-21,100.0,41.0,-0.3563,103.95,-100.93,,8.82,Trzymaj,Sprzedaj,Trzymaj,Kupuj,Kupuj,Kupuj
AMB,2025-11-21,17.54,16.36,-0.0721,18.18,-115.31,,0.0,Silne kupuj,Sprzedaj,Trzymaj,Kupuj,Kupuj,Kupuj
AMC,2025-11-21,55.5,25.0,-0.1191,56.48,-57.23,,17.86,Silne kupuj,Sprzedaj,Trzymaj,Trzymaj,Kupuj,Kupuj
ANR,2025-11-21,26.5,24.51,-0.1559,28.64,-308.69,,0.0,Silne kupuj,Sprzedaj,Kupuj,Kupuj,Kupuj,Silne kupuj
APE,2025-11-21,2.81,42.86,-0.0031,2.91,-54.98,,10.53,Trzymaj,Sprzedaj,Trzymaj,Trzymaj,Kupuj,Sprzedaj
APL,2025-11-21,1.0,58.06,0.008,0.96,88.62,,92.59,Trzymaj,Kupuj,Trzymaj,Trzymaj,Sprzedaj,Sprzedaj
APN,2025-11-21,18.0,47.5,-0.0364,18.12,-39.19,,40.0,Trzymaj,Sprzedaj,Trzymaj,Trzymaj,Trzymaj,Sprzedaj
APR,2025-11-21,15.34,12.36,-0.141,17.46,-253.82,,0.0,Silne kupuj,Sprzedaj,Kupuj,Kupuj,Kupuj,Silne kupuj
APT,2025-11-21,22.7,39.19,-0.0571,22.88,-28.61,,23.08,Kupuj,Sprzedaj,Trzymaj,Trzymaj,Trzymaj,Sprzedaj
ARH,2025-11-21,47.3,66.67,0.0405,47.2,6.19,,48.15,Sprzedaj,Kupuj,Trzymaj,Trzymaj,Trzymaj,Sprzedaj
ARL,2025-11-21,38.4,29.24,-0.132,40.91,-118.03,,0.0,Silne kupuj,Sprzedaj,Kupuj,Kupuj,Kupuj,Silne kupuj
ART,2025-11-21,13.0,34.92,-0.0339,13.59,-96.42,,2.08,Kupuj,Sprzedaj,Trzymaj,Trzymaj,Kupuj,Kupuj
ASB,2025-11-21,28.52,43.97,-0.0864,28.34,14.0,,59.19,Trzymaj,Sprzedaj,Trzymaj,Trzymaj,Trzymaj,Sprzedaj
ASE,2025-11-21,65.7,47.73,-0.0222,66.48,-24.18,,35.0,Trzymaj,Sprzedaj,Trzymaj,Trzymaj,Trzymaj,Sprzedaj
ASM,2025-11-21,0.42,57.45,-0.0071,0.46,-19.4,,24.09,Trzymaj,Sprzedaj,Trzymaj,Trzymaj,Trzymaj,Sprzedaj
AST,2025-11-21,44.4,31.82,-0.1259,45.17,-46.03,,33.33,Kupuj,Sprzedaj,Trzymaj,Trzymaj,Trzymaj,Sprzedaj
ATC,2025-11-21,8.07,26.44,-0.0088,8.31,-64.13,,16.28,Silne kupuj,Sprzedaj,Trzymaj,Trzymaj,Kupuj,Kupuj
ATD,2025-11-21,3.04,35.43,-0.0057,3.21,-39.0,,48.78,Kupuj,Sprzedaj,Trzymaj,Trzymaj,Trzymaj,Sprzedaj
ATG,2025-11-21,3.92,45.71,-0.0072,3.96,-73.09,,22.22,Trzymaj,Sprzedaj,Trzymaj,Trzymaj,Trzymaj,Sprzedaj
ATP,2025-11-21,16.95,50.0,0.0233,16.76,68.95,,100.0,Trzymaj,Kupuj,Trzymaj,Trzymaj,Sprzedaj,Sprzedaj
ATR,2025-11-21,46.9,37.72,-0.3401,49.15,-123.56,,14.06,Kupuj,Sprzedaj,Trzymaj,Kupuj,Kupuj,Kupuj
ATS,2025-11-21,1.94,28.12,-0.0208,2.08,-219.11,,14.29,Silne kupuj,Sprzedaj,Trzymaj,Kupuj,Kupuj,Kupuj
ATT,2025-11-21,18.33,42.02,-0.0537,18.7,-101.96,,18.29,Trzymaj,Sprzedaj,Trzymaj,Kupuj,Kupuj,Kupuj
AWM,2025-11-21,0.33,26.62,-0.003,0.36,-159.09,,2.13,Silne kupuj,Sprzedaj,Kupuj,Kupuj,Kupuj,Silne kupuj
B24,2025-11-21,59.4,64.41,0.4425,56.14,141.68,,96.3,Sprzedaj,Kupuj,Trzymaj,Sprzedaj,Sprzedaj,Sprzedaj
BBD,2025-11-21,5.5,63.16,0.018,5.31,60.66,,69.14,Sprzedaj,Kupuj,Trzymaj,Trzymaj,Trzymaj,Sprzedaj
BBT,2025-11-21,6.44,48.33,-0.0067,6.48,-29.88,,45.45,Trzymaj,Sprzedaj,Trzymaj,Trzymaj,Trzymaj,Sprzedaj
BCM,2025-11-21,4.78,39.29,-0.0065,4.81,-26.19,,44.44,Kupuj,Sprzedaj,Trzymaj,Trzymaj,Trzymaj,Sprzedaj
BCS,2025-11-21,11.94,33.33,-0.0168,12.31,-55.93,,0.0,Kupuj,Sprzedaj,Trzymaj,Trzymaj,Kupuj,Kupuj
BCX,2025-11-21,90.9,25.98,-0.5099,95.71,-169.24,,6.25,Silne kupuj,Sprzedaj,Trzymaj,Kupuj,Kupuj,Kupuj
BDX,2025-11-21,574.2,45.27,-2.5202,579.54,-13.79,,30.46,Trzymaj,Sprzedaj,Trzymaj,Trzymaj,Trzymaj,Sprzedaj
BFT,2025-11-21,3175.0,52.7,9.6411,3120.0,40.91,,100.0,Trzymaj,Kupuj,Trzymaj,Trzymaj,Sprzedaj,Sprzedaj
BHW,2025-11-21,100.8,34.0,-0.5225,104.33,-173.23,,0.0,Kupuj,Sprzedaj,Kupuj,Kupuj,Kupuj,Silne kupuj
BIO,2025-11-21,3.9,8.7,-0.0323,4.18,-218.28,,0.0,Silne kupuj,Sprzedaj,Kupuj,Kupuj,Kupuj,Silne kupuj
BIP,2025-11-21,22.8,40.0,-0.089,22.48,11.94,,88.89,Kupuj,Sprzedaj,Trzymaj,Trzymaj,Sprzedaj,Sprzedaj
BLO,2025-11-21,23.35,11.11,-0.2138,25.24,-303.1,,0.0,Silne kupuj,Sprzedaj,Kupuj,Kupuj,Kupuj,Silne kupuj
BMC,2025-11-21,24.6,24.4,-0.3706,28.04,-65.46,,0.0,Silne kupuj,Sprzedaj,Trzymaj,Trzymaj,Kupuj,Kupuj
BMX,2025-11-21,12.75,44.12,-0.0278,13.02,-126.49,,9.09,Trzymaj,Sprzedaj,Trzymaj,Kupuj,Kupuj,Kupuj
BNP,2025-11-21,115.0,60.0,-0.2336,113.52,23.21,,66.67,Trzymaj,Sprzedaj,Trzymaj,Trzymaj,Trzymaj,Sprzedaj
BOS,2025-11-21,10.56,26.58,-0.1659,11.57,-122.79,,0.0,Silne kupuj,Sprzedaj,Trzymaj,Kupuj,Kupuj,Kupuj
BOW,2025-11-21,4.72,13.16,-0.0329,4.95,-114.77,,12.5,Silne kupuj,Sprzedaj,Trzymaj,Kupuj,Kupuj,Kupuj
BRA,2025-11-21,0.58,56.3,0.006,0.58,9.52,,31.75,Trzymaj,Kupuj,Trzymaj,Trzymaj,Trzymaj,Kupuj
BRS,2025-11-21,5.9,43.24,-0.011,6.04,-32.89,,50.0,Trzymaj,Sprzedaj,Trzymaj,Trzymaj,Trzymaj,Sprzedaj
BST,2025-11-21,28.6,57.69,0.1089,28.08,50.24,,58.33,Trzymaj,Kupuj,Trzymaj,Trzymaj,Trzymaj,Kupuj
CAP,2025-11-21,0.38,25.16,-0.0028,0.41,-92.31,,0.0,Silne kupuj,Sprzedaj,Trzymaj,Trzymaj,Kupuj,Kupuj
CAR,2025-11-21,526.0,32.43,-1.2565,545.45,-257.02,,0.0,Kupuj,Sprzedaj,Kupuj,Kupuj,Kupuj,Silne kupuj
CAV,2025-11-21,14.4,35.0,-0.1165,14.72,-42.23,,0.0,Kupuj,Sprzedaj,Trzymaj,Trzymaj,Kupuj,Kupuj
CBF,2025-11-21,178.0,41.03,-0.7235,182.97,-61.94,,33.33,Trzymaj,Sprzedaj,Trzymaj,Trzymaj,Trzymaj,Sprzedaj
CCC,2025-11-21,140.05,36.53,0.4192,144.77,-51.77,,23.11,Kupuj,Kupuj,Trzymaj,Trzymaj,Trzymaj,Kupuj
CCE,2025-11-21,0.26,40.0,-0.0003,0.28,-59.85,,5.26,Kupuj,Sprzedaj,Trzymaj,Trzymaj,Kupuj,Kupuj
CDL,2025-11-21,9.55,51.85,0.0182,9.51,10.72,,77.78,Trzymaj,Kupuj,Trzymaj,Trzymaj,Trzymaj,Kupuj
CDR,2025-11-21,228.2,13.43,-1.914,245.07,-108.53,,1.45,Silne kupuj,Sprzedaj,Trzymaj,Kupuj,Kupuj,Kupuj
CEZ,2025-11-21,224.6,40.32,-0.1618,225.83,-68.62,,18.75,Trzymaj,Sprzedaj,Trzymaj,Trzymaj,Kupuj,Sprzedaj
CFI,2025-11-21,0.16,51.28,-0.0003,0.17,-3.51,,63.64,Trzymaj,Sprzedaj,Trzymaj,Trzymaj,Trzymaj,Sprzedaj
CIG,2025-11-21,2.99,57.14,0.0206,2.93,34.61,,64.41,Trzymaj,Kupuj,Trzymaj,Trzymaj,Trzymaj,Kupuj
CLC,2025-11-21,5.9,46.43,-0.0686,6.26,-80.59,,0.0,Trzymaj,Sprzedaj,Trzymaj,Trzymaj,Kupuj,Sprzedaj
CLD,2025-11-21,58.0,50.0,-0.2711,57.14,15.45,,88.24,Trzymaj,Sprzedaj,Trzymaj,Trzymaj,Sprzedaj,Sprzedaj
CLE,2025-11-21,2.83,59.3,0.0049,2.66,92.61,,100.0,Trzymaj,Kupuj,Trzymaj,Trzymaj,Sprzedaj,Sprzedaj
CLN,2025-11-21,20.1,28.36,-0.0994,21.49,-190.72,,0.0,Silne kupuj,Sprzedaj,Kupuj,Kupuj,Kupuj,Silne kupuj
CMP,2025-11-21,53.8,28.89,-0.4305,57.18,-190.96,,0.0,Silne kupuj,Sprzedaj,Kupuj,Kupuj,Kupuj,Silne kupuj
CMR,2025-11-21,331.0,50.0,-0.0866,330.5,36.68,,66.67,Trzymaj,Sprzedaj,Trzymaj,Trzymaj,Trzymaj,Sprzedaj
COG,2025-11-21,5.31,21.21,-0.0617,6.5,-268.07,,0.0,Silne kupuj,Sprzedaj,Kupuj,Kupuj,Kupuj,Silne kupuj
CPA,2025-11-21,0.92,63.37,0.0227,0.71,148.44,,71.43,Sprzedaj,Kupuj,Trzymaj,Sprzedaj,Trzymaj,Sprzedaj
CPD,2025-11-21,2.7,14.29,-0.0079,3.22,-135.88,,1.54,Silne kupuj,Sprzedaj,Trzymaj,Kupuj,Kupuj,Kupuj
CPI,2025-11-21,66.0,11.98,-0.9853,73.38,-139.25,,9.43,Silne kupuj,Sprzedaj,Trzymaj,Kupuj,Kupuj,Kupuj
CPL,2025-11-21,7.1,38.24,-0.1218,8.21,-106.06,,0.0,Kupuj,Sprzedaj,Kupuj,Kupuj,Kupuj,Silne kupuj
CPR,2025-11-21,0.94,54.95,0.0078,0.9,121.48,,73.53,Trzymaj,Kupuj,Trzymaj,Sprzedaj,Trzymaj,Sprzedaj
CPS,2025-11-21,11.66,15.37,-0.096,12.87,-97.24,,0.0,Silne kupuj,Sprzedaj,Kupuj,Trzymaj,Kupuj,Kupuj
CRI,2025-11-21,350.0,29.94,-5.0061,380.35,-174.69,,0.0,Silne kupuj,Sprzedaj,Kupuj,Kupuj,Kupuj,Silne kupuj
CRIA,2025-11-21,267.0,78.04,3.1015,237.0,,,89.83,Silne sprzedaj,Kupuj,Trzymaj,Trzymaj,Sprzedaj,Sprzedaj
CRJ,2025-11-21,416.0,33.85,-0.9258,427.35,-61.03,,28.0,Kupuj,Sprzedaj,Trzymaj,Trzymaj,Trzymaj,Sprzedaj
CRM,2025-11-21,0.39,30.3,-0.0,0.41,-102.62,,0.0,Kupuj,Sprzedaj,Kupuj,Kupuj,Kupuj,Silne kupuj
CSR,2025-11-21,3.96,44.44,0.0045,3.92,33.03,,33.33,Trzymaj,Kupuj,Trzymaj,Trzymaj,Trzymaj,Kupuj
CTS,2025-11-21,5.95,60.0,0.0309,5.76,97.06,,88.89,Trzymaj,Kupuj,Trzymaj,Trzymaj,Sprzedaj,Sprzedaj
CTX,2025-11-21,51.2,59.35,0.2125,48.12,55.15,,97.26,Trzymaj,Kupuj,Trzymaj,Trzymaj,Sprzedaj,Sprzedaj
CZT,2025-11-21,0.46,59.87,0.0027,0.43,59.77,,83.33,Trzymaj,Kupuj,Trzymaj,Trzymaj,Sprzedaj,Sprzedaj
DAD,2025-11-21,53.8,31.4,-0.6101,58.7,-117.97,,0.0,Kupuj,Sprzedaj,Trzymaj,Kupuj,Kupuj,Kupuj
DAT,2025-11-21,88.05,44.39,-0.0829,91.7,-101.17,,1.8,Trzymaj,Sprzedaj,Trzymaj,Kupuj,Kupuj,Kupuj
DBC,2025-11-21,81.5,29.63,-0.0795,81.99,-45.5,,23.08,Silne kupuj,Sprzedaj,Trzymaj,Trzymaj,Trzymaj,Sprzedaj
DBE,2025-11-21,10.7,23.91,-0.1068,11.58,-126.12,,0.0,Silne kupuj,Sprzedaj,Trzymaj,Kupuj,Kupuj,Kupuj
DCR,2025-11-21,69.6,51.52,0.2378,69.43,7.95,,63.16,Trzymaj,Kupuj,Trzymaj,Trzymaj,Trzymaj,Kupuj
DEK,2025-11-21,81.8,34.29,-1.7997,91.1,-136.34,,0.0,Kupuj,Sprzedaj,Kupuj,Kupuj,Kupuj,Silne kupuj
DEL,2025-11-21,6.8,48.39,-0.0065,6.76,9.27,,0.0,Trzymaj,Sprzedaj,Trzymaj,Trzymaj,Kupuj,Sprzedaj
DGA,2025-11-21,29.2,62.92,0.313,26.95,84.64,,100.0,Sprzedaj,Kupuj,Trzymaj,Trzymaj,Sprzedaj,Sprzedaj
DGE,2025-11-21,27.2,44.59,-0.2651,27.72,-13.74,,50.0,Trzymaj,Sprzedaj,Trzymaj,Trzymaj,Trzymaj,Sprzedaj
DIA,2025-11-21,175.9,35.87,-0.5955,183.41,-161.93,,0.0,Kupuj,Sprzedaj,Kupuj,Kupuj,Kupuj,Silne kupuj
DIG,2025-11-21,111.0,80.49,0.5527,103.53,65.54,,100.0,Silne sprzedaj,Kupuj,Trzymaj,Trzymaj,Sprzedaj,Sprzedaj
DMG,2025-11-21,3.17,53.33,0.0094,3.16,22.48,,70.0,Trzymaj,Kupuj,Trzymaj,Trzymaj,Trzymaj,Kupuj
DNP,2025-11-21,42.3,42.64,-0.071,43.04,-36.85,,44.77,Trzymaj,Sprzedaj,Trzymaj,Trzymaj,Trzymaj,Sprzedaj
DOM,2025-11-21,266.5,76.62,0.4154,255.45,85.39,,96.77,Silne sprzedaj,Kupuj,Trzymaj,Trzymaj,Sprzedaj,Sprzedaj
DTR,2025-11-21,10.9,40.68,-0.0508,11.58,-132.36,,7.69,Trzymaj,Sprzedaj,Trzymaj,Kupuj,Kupuj,Kupuj
DVL,2025-11-21,7.8,40.21,-0.0597,8.4,-193.41,,0.0,Trzymaj,Sprzedaj,Kupuj,Kupuj,Kupuj,Kupuj
EAH,2025-11-21,36.0,25.93,-0.1029,36.68,-78.8,,0.0,Silne kupuj,Sprzedaj,Trzymaj,Trzymaj,Kupuj,Kupuj
EAT,2025-11-21,12.68,16.88,-0.1892,14.16,-136.07,,1.0,Silne kupuj,Sprzedaj,Trzymaj,Kupuj,Kupuj,Kupuj
ECB,2025-11-21,25.5,26.92,-0.0876,26.59,-121.75,,23.68,Silne kupuj,Sprzedaj,Trzymaj,Kupuj,Trzymaj,Kupuj
ECH,2025-11-21,5.86,84.62,0.005,5.74,45.45,,85.71,Silne sprzedaj,Kupuj,Trzymaj,Trzymaj,Sprzedaj,Sprzedaj
EDI,2025-11-21,6.94,89.19,0.0255,6.62,54.81,,90.32,Silne sprzedaj,Kupuj,Trzymaj,Trzymaj,Sprzedaj,Sprzedaj
EEX,2025-11-21,1.63,50.39,-0.0098,1.66,-35.37,,8.16,Trzymaj,Sprzedaj,Trzymaj,Trzymaj,Kupuj,Sprzedaj
EFK,2025-11-21,5.75,70.72,0.0385,5.23,208.09,,100.0,Silne sprzedaj,Kupuj,Sprzedaj,Sprzedaj,Sprzedaj,Sprzedaj
EHG,2025-11-21,3.0,40.79,-0.0038,3.01,-5.21,,42.31,Trzymaj,Sprzedaj,Trzymaj,Trzymaj,Trzymaj,Sprzedaj
EKP,2025-11-21,2.02,25.42,-0.0354,2.27,-210.75,,0.0,Silne kupuj,Sprzedaj,Kupuj,Kupuj,Kupuj,Silne kupuj
ELT,2025-11-21,46.25,24.18,-0.1184,48.41,-83.71,,0.0,Silne kupuj,Sprzedaj,Trzymaj,Trzymaj,Kupuj,Kupuj
EMC,2025-11-21,11.0,60.0,0.0266,10.9,128.21,,100.0,Trzymaj,Kupuj,Trzymaj,Sprzedaj,Sprzedaj,Sprzedaj
ENA,2025-11-21,20.36,47.85,-0.3397,21.42,-39.28,,15.61,Trzymaj,Sprzedaj,Trzymaj,Trzymaj,Kupuj,Sprzedaj
ENE,2025-11-21,18.5,57.69,-0.002,18.34,54.25,,100.0,Trzymaj,Sprzedaj,Trzymaj,Trzymaj,Sprzedaj,Sprzedaj
ENG,2025-11-21,16.9,60.7,0.0016,16.37,29.12,,44.07,Sprzedaj,Kupuj,Trzymaj,Trzymaj,Trzymaj,Sprzedaj
ENI,2025-11-21,2.72,26.67,-0.0503,2.95,-95.19,,29.17,Silne kupuj,Sprzedaj,Trzymaj,Trzymaj,Trzymaj,Sprzedaj
ENP,2025-11-21,2.98,57.58,-0.0009,2.93,64.62,,77.78,Trzymaj,Sprzedaj,Trzymaj,Trzymaj,Trzymaj,Sprzedaj
ENT,2025-11-21,51.0,16.67,-0.1001,52.79,-57.45,,0.0,Silne kupuj,Sprzedaj,Trzymaj,Trzymaj,Kupuj,Kupuj
EQU,2025-11-21,0.94,48.53,-0.003,0.93,13.27,,97.5,Trzymaj,Sprzedaj,Trzymaj,Trzymaj,Sprzedaj,Sprzedaj
ERB,2025-11-21,27.8,40.0,0.0149,28.64,-65.44,,27.03,Trzymaj,Kupuj,Trzymaj,Trzymaj,Trzymaj,Kupuj
ERG,2025-11-21,42.0,42.86,0.0543,43.5,-41.22,,50.0,Trzymaj,Kupuj,Trzymaj,Trzymaj,Trzymaj,Kupuj
EST,2025-11-21,1.46,30.2,4.4862,12.84,-9.74,,72.33,Kupuj,Kupuj,Trzymaj,Trzymaj,Trzymaj,Kupuj
ETL,2025-11-21,26.7,20.75,-0.1483,28.51,-169.01,,0.0,Silne kupuj,Sprzedaj,Trzymaj,Kupuj,Kupuj,Kupuj
EUC,2025-11-21,1.78,56.76,0.0394,1.71,43.33,,52.08,Trzymaj,Kupuj,Trzymaj,Trzymaj,Trzymaj,Kupuj
EUR,2025-11-21,7.82,38.76,-0.0011,7.93,-47.83,,35.94,Kupuj,Sprzedaj,Trzymaj,Trzymaj,Trzymaj,Sprzedaj
FAB,2025-11-21,25.7,47.58,-0.0853,26.2,-50.46,,5.64,Trzymaj,Sprzedaj,Trzymaj,Trzymaj,Kupuj,Sprzedaj
FEE,2025-11-21,12.6,55.56,0.0579,12.46,35.79,,75.0,Trzymaj,Kupuj,Trzymaj,Trzymaj,Trzymaj,Kupuj
FFI,2025-11-21,1.01,43.26,-0.0462,1.21,-73.18,,0.0,Trzymaj,Sprzedaj,Trzymaj,Trzymaj,Kupuj,Sprzedaj
FHB,2025-11-21,2.68,55.38,0.0019,2.7,-15.02,,44.44,Trzymaj,Kupuj,Trzymaj,Trzymaj,Trzymaj,Kupuj
FMG,2025-11-21,86.6,46.59,0.1023,87.6,-20.48,,66.67,Trzymaj,Kupuj,Trzymaj,Trzymaj,Trzymaj,Kupuj
FON,2025-11-21,0.26,35.29,0.0091,0.27,-96.58,,0.0,Kupuj,Kupuj,Trzymaj,Trzymaj,Kupuj,Silne kupuj
FRO,2025-11-21,29.0,25.0,-0.2014,30.82,-189.22,,0.0,Silne kupuj,Sprzedaj,Trzymaj,Kupuj,Kupuj,Kupuj
FSG,2025-11-21,12.5,37.5,-0.0151,12.64,-101.41,,33.33,Kupuj,Sprzedaj,Trzymaj,Kupuj,Trzymaj,Kupuj
FTE,2025-11-21,23.5,19.05,-0.1617,25.41,-195.0,,0.0,Silne kupuj,Sprzedaj,Kupuj,Kupuj,Kupuj,Silne kupuj
GEA,2025-11-21,3.2,61.29,0.0017,3.18,12.24,,45.9,Sprzedaj,Kupuj,Trzymaj,Trzymaj,Trzymaj,Sprzedaj
GIF,2025-11-21,7.52,32.63,-0.0977,7.95,-92.9,,3.23,Kupuj,Sprzedaj,Trzymaj,Trzymaj,Kupuj,Kupuj
GIG,2025-11-21,2.05,39.29,-0.0107,2.12,-21.78,,46.67,Kupuj,Sprzedaj,Trzymaj,Trzymaj,Trzymaj,Sprzedaj
GKI,2025-11-21,3.05,42.86,0.004,3.12,-75.6,,21.05,Trzymaj,Kupuj,Trzymaj,Trzymaj,Trzymaj,Kupuj
GMT,2025-11-21,4.4,30.96,-0.0145,5.14,-72.43,,0.0,Kupuj,Sprzedaj,Trzymaj,Trzymaj,Kupuj,Kupuj
GOB,2025-11-21,21.1,38.82,-0.0236,22.4,-153.85,,0.0,Kupuj,Sprzedaj,Trzymaj,Kupuj,Kupuj,Kupuj
GOP,2025-11-21,12.7,17.47,-0.0883,14.04,-153.71,,0.0,Silne kupuj,Sprzedaj,Kupuj,Kupuj,Kupuj,Silne kupuj
GPP,2025-11-21,53.3,29.76,-0.1598,56.0,-68.91,,30.19,Silne kupuj,Sprzedaj,Trzymaj,Trzymaj,Trzymaj,Sprzedaj
GPW,2025-11-21,61.4,51.9,-0.1229,61.32,1.83,,3.23,Trzymaj,Sprzedaj,Trzymaj,Trzymaj,Kupuj,Sprzedaj
GRN,2025-11-21,10.0,30.56,-0.0349,10.41,-127.83,,0.0,Kupuj,Sprzedaj,Trzymaj,Kupuj,Kupuj,Kupuj
GRX,2025-11-21,1.9,47.61,-0.0127,1.96,-43.06,,4.76,Trzymaj,Sprzedaj,Trzymaj,Trzymaj,Kupuj,Sprzedaj
GTC,2025-11-21,3.5,39.73,0.0055,3.6,-33.65,,41.94,Kupuj,Kupuj,Trzymaj,Trzymaj,Trzymaj,Kupuj
GTN,2025-11-21,0.55,25.0,-0.006,0.58,-69.35,,0.0,Silne kupuj,Sprzedaj,Trzymaj,Trzymaj,Kupuj,Kupuj
HDR,2025-11-21,15.25,22.11,-0.0573,16.28,-49.88,,25.0,Silne kupuj,Sprzedaj,Trzymaj,Trzymaj,Trzymaj,Sprzedaj
HEL,2025-11-21,27.2,45.45,-0.0707,27.69,-68.02,,8.33,Trzymaj,Sprzedaj,Trzymaj,Trzymaj,Kupuj,Sprzedaj
HLD,2025-11-21,0.99,43.75,-0.0044,0.99,-12.61,,30.0,Trzymaj,Sprzedaj,Trzymaj,Trzymaj,Trzymaj,Sprzedaj
HMI,2025-11-21,25.0,9.42,-1.3716,45.36,-387.46,,0.0,Silne kupuj,Sprzedaj,Kupuj,Kupuj,Kupuj,Silne kupuj
HRP,2025-11-21,5.22,40.0,0.006,5.46,-76.23,,0.0,Kupuj,Kupuj,Trzymaj,Trzymaj,Kupuj,Silne kupuj
HRS,2025-11-21,1.31,22.03,-0.0147,1.39,-66.49,,0.0,Silne kupuj,Sprzedaj,Trzymaj,Trzymaj,Kupuj,Kupuj
HUG,2025-11-21,22.55,28.95,-0.1761,23.66,-131.33,,0.0,Silne kupuj,Sprzedaj,Kupuj,Kupuj,Kupuj,Silne kupuj
IBS,2025-11-21,59.2,18.18,0.1082,61.0,-54.29,,12.5,Silne kupuj,Kupuj,Trzymaj,Trzymaj,Kupuj,Silne kupuj
ICE,2025-11-21,11.0,29.05,-0.0894,11.78,-99.5,,0.0,Silne kupuj,Sprzedaj,Trzymaj,Trzymaj,Kupuj,Kupuj
IDG,2025-11-21,0.25,30.77,-0.0002,0.27,-52.6,,0.0,Kupuj,Sprzedaj,Trzymaj,Trzymaj,Kupuj,Kupuj
IDM,2025-11-21,0.54,40.0,0.0007,0.55,-19.07,,0.0,Trzymaj,Kupuj,Trzymaj,Trzymaj,Kupuj,Kupuj
IFC,2025-11-21,5.29,14.37,-1.4786,18.96,-238.28,,0.23,Silne kupuj,Sprzedaj,Kupuj,Kupuj,Kupuj,Silne kupuj
IFI,2025-11-21,27.25,28.95,-0.1418,28.74,-86.85,,30.38,Silne kupuj,Sprzedaj,Trzymaj,Trzymaj,Trzymaj,Sprzedaj
IFR,2025-11-21,6.68,76.53,0.2529,3.95,173.07,,100.0,Silne sprzedaj,Kupuj,Sprzedaj,Sprzedaj,Sprzedaj,Sprzedaj
IMC,2025-11-21,25.6,61.84,0.0661,24.36,67.52,,100.0,Sprzedaj,Kupuj,Sprzedaj,Trzymaj,Sprzedaj,Sprzedaj
IMP,2025-11-21,1.4,45.45,0.0007,1.41,-21.78,,80.0,Trzymaj,Kupuj,Trzymaj,Trzymaj,Trzymaj,Kupuj
IMS,2025-11-21,2.98,50.0,0.0038,2.98,7.22,,60.0,Trzymaj,Kupuj,Trzymaj,Trzymaj,Trzymaj,Kupuj
INC,2025-11-21,1.6,43.82,0.0011,1.62,-28.76,,51.35,Trzymaj,Kupuj,Trzymaj,Trzymaj,Trzymaj,Kupuj
ING,2025-11-21,335.0,76.71,1.0896,325.02,63.52,,81.63,Silne sprzedaj,Kupuj,Trzymaj,Trzymaj,Sprzedaj,Sprzedaj
INK,2025-11-21,37.3,44.26,-0.0859,37.96,-128.41,,20.0,Trzymaj,Sprzedaj,Trzymaj,Kupuj,Kupuj,Kupuj
INL,2025-11-21,6.86,46.88,0.0064,6.91,-14.23,,62.5,Trzymaj,Kupuj,Trzymaj,Trzymaj,Trzymaj,Kupuj
INP,2025-11-21,8.2,40.0,-0.0085,8.16,62.7,,100.0,Kupuj,Sprzedaj,Trzymaj,Trzymaj,Sprzedaj,Sprzedaj
IPE,2025-11-21,3.15,54.17,-0.0124,3.19,-65.48,,0.0,Trzymaj,Sprzedaj,Trzymaj,Trzymaj,Kupuj,Sprzedaj
IPO,2025-11-21,0.49,30.77,-0.002,0.52,-98.92,,7.14,Kupuj,Sprzedaj,Trzymaj,Trzymaj,Kupuj,Kupuj
IRL,2025-11-21,9.81,18.08,-0.3653,14.29,-391.16,,0.0,Silne kupuj,Sprzedaj,Kupuj,Kupuj,Kupuj,Silne kupuj
ITB,2025-11-21,2.15,51.16,0.0006,2.19,-63.41,,40.0,Trzymaj,Kupuj,Trzymaj,Trzymaj,Trzymaj,Kupuj
IZB,2025-11-21,25.0,32.14,-0.0913,25.69,-55.62,,9.09,Kupuj,Sprzedaj,Trzymaj,Trzymaj,Kupuj,Kupuj
IZO,2025-11-21,3.88,70.0,0.0166,3.79,85.37,,93.75,Sprzedaj,Kupuj,Trzymaj,Trzymaj,Sprzedaj,Sprzedaj
IZS,2025-11-21,3.26,25.37,-0.0261,3.41,-149.12,,0.0,Silne kupuj,Sprzedaj,Trzymaj,Kupuj,Kupuj,Kupuj
JRH,2025-11-21,5.8,22.22,-0.0957,6.59,-74.1,,0.0,Silne kupuj,Sprzedaj,Trzymaj,Trzymaj,Kupuj,Kupuj
JSW,2025-11-21,23.71,26.41,-0.189,24.87,-111.44,,8.65,Silne kupuj,Sprzedaj,Trzymaj,Kupuj,Kupuj,Kupuj
JWW,2025-11-21,3.08,24.0,-0.0116,3.15,-68.48,,0.0,Silne kupuj,Sprzedaj,Trzymaj,Trzymaj,Kupuj,Kupuj
KCH,2025-11-21,0.69,27.27,-0.007,0.74,-118.5,,2.13,Silne kupuj,Sprzedaj,Trzymaj,Kupuj,Kupuj,Kupuj
KCI,2025-11-21,0.97,50.0,-0.0013,0.97,23.87,,100.0,Trzymaj,Sprzedaj,Trzymaj,Trzymaj,Sprzedaj,Sprzedaj
KDM,2025-11-21,1.4,80.0,-0.0036,1.38,18.23,,100.0,Silne sprzedaj,Sprzedaj,Trzymaj,Trzymaj,Sprzedaj,Sprzedaj
KER,2025-11-21,20.0,57.07,0.0481,19.28,203.39,,52.26,Trzymaj,Kupuj,Trzymaj,Sprzedaj,Trzymaj,Sprzedaj
KGH,2025-11-21,191.05,46.09,-1.2465,192.26,-20.0,,45.23,Trzymaj,Sprzedaj,Trzymaj,Trzymaj,Trzymaj,Sprzedaj
KGL,2025-11-21,11.3,56.67,0.1615,11.02,22.47,,61.54,Trzymaj,Kupuj,Trzymaj,Trzymaj,Trzymaj,Kupuj
KGN,2025-11-21,60.3,39.22,-0.4177,62.1,-65.66,,2.33,Kupuj,Sprzedaj,Trzymaj,Trzymaj,Kupuj,Kupuj
KMP,2025-11-21,23.0,42.42,-0.097,23.27,-25.09,,61.54,Trzymaj,Sprzedaj,Trzymaj,Trzymaj,Trzymaj,Sprzedaj
KOM,2025-11-21,6.26,65.31,0.01,6.12,41.48,,88.89,Sprzedaj,Kupuj,Trzymaj,Trzymaj,Sprzedaj,Sprzedaj
KPD,2025-11-21,22.8,12.9,-0.2346,25.88,-135.71,,0.0,Silne kupuj,Sprzedaj,Kupuj,Kupuj,Kupuj,Silne kupuj
KPL,2025-11-21,18.1,53.97,0.0467,17.86,39.3,,63.16,Trzymaj,Kupuj,Trzymaj,Trzymaj,Trzymaj,Kupuj
KRI,2025-11-21,17.35,44.68,0.019,17.48,-28.93,,64.29,Trzymaj,Kupuj,Trzymaj,Trzymaj,Trzymaj,Kupuj
KRK,2025-11-21,870.0,41.67,-0.9417,877.4,-36.02,,21.05,Trzymaj,Sprzedaj,Trzymaj,Trzymaj,Trzymaj,Sprzedaj
KRU,2025-11-21,457.9,53.26,-1.004,461.99,-32.52,,47.47,Trzymaj,Sprzedaj,Trzymaj,Trzymaj,Trzymaj,Sprzedaj
KSG,2025-11-21,3.78,56.84,0.0261,3.54,130.35,,100.0,Trzymaj,Kupuj,Trzymaj,Sprzedaj,Sprzedaj,Sprzedaj
KTY,2025-11-21,909.5,42.54,-3.2293,929.9,-90.93,,0.0,Trzymaj,Sprzedaj,Trzymaj,Trzymaj,Kupuj,Sprzedaj
KVT,2025-11-21,10.3,48.15,-0.0119,10.38,-27.98,,37.5,Trzymaj,Sprzedaj,Trzymaj,Trzymaj,Trzymaj,Sprzedaj
LAB,2025-11-21,15.1,41.67,-0.0109,15.14,-23.26,,33.33,Trzymaj,Sprzedaj,Trzymaj,Trzymaj,Trzymaj,Sprzedaj
LBT,2025-11-21,1.42,41.94,-0.0006,1.49,-156.54,,0.0,Trzymaj,Sprzedaj,Trzymaj,Kupuj,Kupuj,Kupuj
LBW,2025-11-21,9.21,38.35,-0.0651,9.86,-82.53,,0.0,Kupuj,Sprzedaj,Kupuj,Trzymaj,Kupuj,Kupuj
LEN,2025-11-21,2.65,25.81,-0.0089,2.76,-191.24,,0.0,Silne kupuj,Sprzedaj,Kupuj,Kupuj,Kupuj,Silne kupuj
LES,2025-11-21,0.23,44.19,-0.0008,0.24,-57.9,,15.79,Trzymaj,Sprzedaj,Trzymaj,Trzymaj,Kupuj,Sprzedaj
LKD,2025-11-21,22.4,44.12,-0.0523,22.68,-27.38,,14.29,Trzymaj,Sprzedaj,Trzymaj,Trzymaj,Kupuj,Sprzedaj
LPP,2025-11-21,16000.0,16.02,-160.4948,17126.5,-110.78,,4.71,Silne kupuj,Sprzedaj,Trzymaj,Kupuj,Kupuj,Kupuj
LRK,2025-11-21,0.15,53.85,0.0009,0.15,0.0,,50.0,Trzymaj,Kupuj,Trzymaj,Trzymaj,Trzymaj,Kupuj
LRQ,2025-11-21,1.9,29.25,-0.0167,2.05,-80.44,,2.86,Silne kupuj,Sprzedaj,Trzymaj,Trzymaj,Kupuj,Kupuj
LSI,2025-11-21,28.0,59.09,-0.0209,27.84,26.37,,71.43,Trzymaj,Sprzedaj,Trzymaj,Trzymaj,Trzymaj,Sprzedaj
LTX,2025-11-21,7.02,20.51,-0.0229,7.29,-107.37,,0.0,Silne kupuj,Sprzedaj,Trzymaj,Kupuj,Kupuj,Kupuj
LWB,2025-11-21,20.3,26.0,-0.0396,21.03,-101.39,,4.0,Silne kupuj,Sprzedaj,Trzymaj,Kupuj,Kupuj,Kupuj
MAB,2025-11-21,7.48,20.57,-0.0446,8.03,-116.43,,0.0,Silne kupuj,Sprzedaj,Trzymaj,Kupuj,Kupuj,Kupuj
MAK,2025-11-21,21.55,20.34,-0.2202,22.92,-152.4,,0.0,Silne kupuj,Sprzedaj,Kupuj,Kupuj,Kupuj,Silne kupuj
MAN,2025-11-21,0.62,40.67,-0.0058,0.67,-130.41,,0.0,Trzymaj,Sprzedaj,Kupuj,Kupuj,Kupuj,Kupuj
MBK,2025-11-21,1018.0,59.49,-4.0667,1024.41,-9.56,,35.56,Trzymaj,Sprzedaj,Trzymaj,Trzymaj,Trzymaj,Sprzedaj
MBR,2025-11-21,296.0,52.81,-0.4568,291.15,98.2,,93.55,Trzymaj,Sprzedaj,Trzymaj,Trzymaj,Sprzedaj,Sprzedaj
MBW,2025-11-21,12.5,62.5,0.0777,12.18,42.88,,100.0,Sprzedaj,Kupuj,Trzymaj,Trzymaj,Sprzedaj,Sprzedaj
MCI,2025-11-21,29.9,48.48,-0.0335,29.78,24.82,,83.33,Trzymaj,Sprzedaj,Trzymaj,Trzymaj,Sprzedaj,Sprzedaj
MCR,2025-11-21,21.7,43.29,-0.0816,22.63,-102.28,,0.0,Trzymaj,Sprzedaj,Trzymaj,Kupuj,Kupuj,Kupuj
MDG,2025-11-21,31.6,42.63,0.063,32.66,-50.97,,20.0,Trzymaj,Kupuj,Trzymaj,Trzymaj,Trzymaj,Kupuj
MDI,2025-11-21,0.93,32.81,-0.0008,0.91,9.05,,25.0,Kupuj,Sprzedaj,Trzymaj,Trzymaj,Trzymaj,Sprzedaj
MEG,2025-11-21,5.2,23.53,-0.1088,5.82,-71.18,,14.29,Silne kupuj,Sprzedaj,Trzymaj,Trzymaj,Kupuj,Kupuj
MEX,2025-11-21,3.45,37.04,-0.0066,3.5,-87.15,,29.41,Kupuj,Sprzedaj,Trzymaj,Trzymaj,Trzymaj,Sprzedaj
MFO,2025-11-21,33.9,21.62,-0.455,37.05,-195.12,,0.0,Silne kupuj,Sprzedaj,Kupuj,Kupuj,Kupuj,Silne kupuj
MGT,2025-11-21,60.0,65.19,0.413,58.81,15.18,,49.32,Sprzedaj,Kupuj,Trzymaj,Trzymaj,Trzymaj,Sprzedaj
MIL,2025-11-21,15.72,54.09,-0.0431,15.85,-20.1,,13.64,Trzymaj,Sprzedaj,Trzymaj,Trzymaj,Kupuj,Sprzedaj
MIR,2025-11-21,0.75,32.26,-0.0002,0.77,-60.12,,38.89,Kupuj,Sprzedaj,Trzymaj,Trzymaj,Trzymaj,Sprzedaj
MLG,2025-11-21,79.2,46.88,-0.3872,80.09,-23.8,,42.86,Trzymaj,Sprzedaj,Trzymaj,Trzymaj,Trzymaj,Sprzedaj
MLK,2025-11-21,1.84,46.67,0.0004,1.82,32.03,,85.71,Trzymaj,Kupuj,Trzymaj,Trzymaj,Sprzedaj,Sprzedaj
MLS,2025-11-21,15.76,40.11,-0.0971,16.22,-43.71,,0.0,Trzymaj,Sprzedaj,Trzymaj,Trzymaj,Kupuj,Sprzedaj
MNC,2025-11-21,32.6,30.95,-0.3246,34.25,-90.97,,0.0,Kupuj,Sprzedaj,Trzymaj,Trzymaj,Kupuj,Kupuj
MOC,2025-11-21,6.01,24.21,0.0024,6.41,-39.23,,4.26,Silne kupuj,Kupuj,Trzymaj,Trzymaj,Kupuj,Silne kupuj
MOJ,2025-11-21,1.4,38.46,-0.0032,1.43,-151.2,,0.0,Kupuj,Sprzedaj,Kupuj,Kupuj,Kupuj,Silne kupuj
MOL,2025-11-21,33.64,58.73,0.1023,32.66,44.45,,71.88,Trzymaj,Kupuj,Trzymaj,Trzymaj,Trzymaj,Kupuj
MON,2025-11-21,5.06,34.78,-0.022,5.14,-29.3,,0.0,Kupuj,Sprzedaj,Trzymaj,Trzymaj,Kupuj,Kupuj
MOV,2025-11-21,10.22,13.27,-0.0742,11.23,-82.5,,0.0,Silne kupuj,Sprzedaj,Trzymaj,Trzymaj,Kupuj,Kupuj
MRB,2025-11-21,14.59,65.14,0.1045,13.97,138.49,,77.54,Sprzedaj,Kupuj,Trzymaj,Sprzedaj,Trzymaj,Sprzedaj
MRC,2025-11-21,39.2,26.56,0.0337,40.09,-60.83,,0.0,Silne kupuj,Kupuj,Trzymaj,Trzymaj,Kupuj,Silne kupuj
MSP,2025-11-21,15.4,51.02,-0.0344,15.47,-26.47,,21.43,Trzymaj,Sprzedaj,Trzymaj,Trzymaj,Trzymaj,Sprzedaj
MSW,2025-11-21,6.86,20.69,-0.027,7.09,-158.34,,0.0,Silne kupuj,Sprzedaj,Kupuj,Kupuj,Kupuj,Silne kupuj
MSZ,2025-11-21,6.24,31.15,-0.054,6.58,-157.89,,3.45,Kupuj,Sprzedaj,Trzymaj,Kupuj,Kupuj,Kupuj
MUR,2025-11-21,38.4,61.17,0.0313,38.03,33.19,,60.0,Sprzedaj,Kupuj,Trzymaj,Trzymaj,Trzymaj,Sprzedaj
MVP,2025-11-21,8.16,62.32,0.0463,7.99,36.22,,100.0,Sprzedaj,Kupuj,Trzymaj,Trzymaj,Sprzedaj,Sprzedaj
MWT,2025-11-21,3.32,28.95,-0.029,3.69,-64.15,,10.0,Silne kupuj,Sprzedaj,Trzymaj,Trzymaj,Kupuj,Kupuj
MXC,2025-11-21,5.12,25.0,-0.0047,5.26,-131.32,,0.0,Silne kupuj,Sprzedaj,Trzymaj,Kupuj,Kupuj,Kupuj
MZA,2025-11-21,10.25,28.89,0.0179,10.58,-34.74,,27.78,Silne kupuj,Kupuj,Trzymaj,Trzymaj,Trzymaj,Kupuj
NCL,2025-11-21,86.4,30.63,-0.7846,95.38,-146.1,,0.0,Kupuj,Sprzedaj,Kupuj,Kupuj,Kupuj,Silne kupuj
NEU,2025-11-21,807.0,69.33,0.1652,775.8,65.11,,90.28,Sprzedaj,Kupuj,Trzymaj,Trzymaj,Sprzedaj,Sprzedaj
NNG,2025-11-21,2.89,71.84,0.0414,2.55,248.16,,100.0,Silne sprzedaj,Kupuj,Sprzedaj,Sprzedaj,Sprzedaj,Sprzedaj
NTC,2025-11-21,0.52,24.36,-0.0046,0.59,-128.75,,0.0,Silne kupuj,Sprzedaj,Kupuj,Kupuj,Kupuj,Silne kupuj
NTT,2025-11-21,8.56,30.11,-0.0348,9.06,-170.9,,0.0,Kupuj,Sprzedaj,Trzymaj,Kupuj,Kupuj,Kupuj
NTU,2025-11-21,5.6,3.95,-0.0299,6.34,-87.87,,0.0,Silne kupuj,Sprzedaj,Trzymaj,Trzymaj,Kupuj,Kupuj
NVA,2025-11-21,15.8,35.14,-0.0198,16.09,-51.94,,10.0,Kupuj,Sprzedaj,Trzymaj,Trzymaj,Kupuj,Kupuj
NVG,2025-11-21,1.17,41.67,-0.001,1.19,-61.57,,0.0,Trzymaj,Sprzedaj,Trzymaj,Trzymaj,Kupuj,Sprzedaj
NVT,2025-11-21,103.0,37.5,-0.946,106.72,-41.14,,11.11,Kupuj,Sprzedaj,Trzymaj,Trzymaj,Kupuj,Kupuj
NWG,2025-11-21,96.8,64.25,-0.0807,94.52,29.17,,55.07,Sprzedaj,Sprzedaj,Trzymaj,Trzymaj,Trzymaj,Sprzedaj
NXG,2025-11-21,2.32,82.35,0.019,2.21,65.96,,100.0,Silne sprzedaj,Kupuj,Trzymaj,Trzymaj,Sprzedaj,Sprzedaj
OBL,2025-11-21,37.0,45.71,-0.1294,38.12,-128.85,,0.0,Trzymaj,Sprzedaj,Kupuj,Kupuj,Kupuj,Kupuj
ODL,2025-11-21,9.44,60.26,-0.0024,9.44,-0.89,,39.29,Sprzedaj,Sprzedaj,Trzymaj,Trzymaj,Trzymaj,Sprzedaj
OND,2025-11-21,8.64,53.66,0.0163,8.65,-5.69,,68.89,Trzymaj,Kupuj,Trzymaj,Trzymaj,Trzymaj,Kupuj
ONO,2025-11-21,0.91,52.0,0.0005,0.89,91.16,,95.0,Trzymaj,Kupuj,Trzymaj,Trzymaj,Sprzedaj,Sprzedaj
OPG,2025-11-21,4.7,56.98,0.065,4.21,142.8,,100.0,Trzymaj,Kupuj,Trzymaj,Sprzedaj,Sprzedaj,Sprzedaj
OPL,2025-11-21,9.1,53.39,-0.0289,9.16,-26.11,,38.96,Trzymaj,Sprzedaj,Trzymaj,Trzymaj,Trzymaj,Sprzedaj
OPM,2025-11-21,3.2,38.1,0.0137,3.24,-18.13,,28.57,Kupuj,Kupuj,Trzymaj,Trzymaj,Trzymaj,Kupuj
OPN,2025-11-21,92.2,37.76,-0.5033,94.88,-86.54,,27.5,Kupuj,Sprzedaj,Trzymaj,Trzymaj,Trzymaj,Sprzedaj
OTM,2025-11-21,4.5,32.08,-0.0248,4.81,-235.84,,0.0,Kupuj,Sprzedaj,Kupuj,Kupuj,Kupuj,Silne kupuj
OTS,2025-11-21,13.42,47.72,-0.0369,13.48,-8.94,,68.33,Trzymaj,Sprzedaj,Trzymaj,Trzymaj,Trzymaj,Sprzedaj
OVO,2025-11-21,70.0,50.0,0.0174,69.55,46.48,,100.0,Trzymaj,Kupuj,Trzymaj,Trzymaj,Sprzedaj,Sprzedaj
PAS,2025-11-21,89.6,51.75,0.2783,83.68,107.01,,100.0,Trzymaj,Kupuj,Trzymaj,Sprzedaj,Sprzedaj,Sprzedaj
PAT,2025-11-21,3.34,23.08,-0.0242,3.56,-188.59,,0.0,Silne kupuj,Sprzedaj,Kupuj,Kupuj,Kupuj,Silne kupuj
PBF,2025-11-21,0.57,32.43,-0.0057,0.63,-72.37,,13.33,Kupuj,Sprzedaj,Trzymaj,Trzymaj,Kupuj,Kupuj
PBG,2025-11-21,0.02,35.0,-0.0005,0.02,-107.54,,23.08,Kupuj,Sprzedaj,Trzymaj,Kupuj,Trzymaj,Kupuj
PBX,2025-11-21,12.85,15.87,-0.1307,14.8,-486.83,,0.0,Silne kupuj,Sprzedaj,Kupuj,Kupuj,Kupuj,Silne kupuj
PCE,2025-11-21,8.2,39.02,-0.0081,8.31,-67.83,,18.18,Kupuj,Sprzedaj,Trzymaj,Trzymaj,Kupuj,Kupuj
PCF,2025-11-21,3.43,6.15,-0.0391,3.79,-110.78,,3.39,Silne kupuj,Sprzedaj,Trzymaj,Kupuj,Kupuj,Kupuj
PCO,2025-11-21,26.76,37.32,-0.2918,27.64,-80.21,,10.68,Kupuj,Sprzedaj,Trzymaj,Trzymaj,Kupuj,Kupuj
PCR,2025-11-21,67.8,44.19,-0.1015,68.38,-63.62,,0.0,Trzymaj,Sprzedaj,Trzymaj,Trzymaj,Kupuj,Sprzedaj
PCX,2025-11-21,2.47,35.29,0.0014,2.5,-87.4,,16.67,Kupuj,Kupuj,Trzymaj,Trzymaj,Kupuj,Silne kupuj
PEN,2025-11-21,1.98,41.72,0.0002,2.17,-53.31,,18.06,Trzymaj,Kupuj,Trzymaj,Trzymaj,Kupuj,Kupuj
PEO,2025-11-21,191.75,54.89,-0.4187,192.53,-13.88,,59.42,Trzymaj,Sprzedaj,Trzymaj,Trzymaj,Trzymaj,Sprzedaj
PEP,2025-11-21,59.2,56.94,0.1971,58.2,54.78,,70.83,Trzymaj,Kupuj,Trzymaj,Trzymaj,Trzymaj,Kupuj
PGE,2025-11-21,10.26,38.13,-0.1475,11.11,-106.25,,8.28,Kupuj,Sprzedaj,Trzymaj,Kupuj,Kupuj,Kupuj
PGM,2025-11-21,1.82,51.91,0.006,1.85,-19.7,,59.26,Trzymaj,Kupuj,Trzymaj,Trzymaj,Trzymaj,Kupuj
PGV,2025-11-21,0.49,17.18,-0.0117,0.58,-85.25,,0.0,Silne kupuj,Sprzedaj,Trzymaj,Trzymaj,Kupuj,Kupuj
PHN,2025-11-21,9.98,62.86,0.0077,9.9,99.38,,88.89,Sprzedaj,Kupuj,Trzymaj,Trzymaj,Sprzedaj,Sprzedaj
PHR,2025-11-21,3.27,44.29,-0.0034,3.36,-90.44,,0.0,Trzymaj,Sprzedaj,Trzymaj,Trzymaj,Kupuj,Sprzedaj
PJP,2025-11-21,15.35,57.14,0.0048,15.21,39.74,,63.64,Trzymaj,Kupuj,Trzymaj,Trzymaj,Trzymaj,Kupuj
PKN,2025-11-21,98.6,45.53,-0.6139,100.27,-21.64,,14.01,Trzymaj,Sprzedaj,Trzymaj,Trzymaj,Kupuj,Sprzedaj
PKO,2025-11-21,73.76,43.47,-0.3835,76.12,-110.95,,5.08,Trzymaj,Sprzedaj,Trzymaj,Kupuj,Kupuj,Kupuj
PKP,2025-11-21,15.29,34.44,-0.0485,15.8,-65.92,,20.99,Kupuj,Sprzedaj,Trzymaj,Trzymaj,Trzymaj,Sprzedaj
PLW,2025-11-21,263.5,44.16,0.4996,265.4,-20.66,,40.74,Trzymaj,Kupuj,Trzymaj,Trzymaj,Trzymaj,Kupuj
PLZ,2025-11-21,2.58,37.86,-0.0306,2.72,-68.17,,47.54,Kupuj,Sprzedaj,Trzymaj,Trzymaj,Trzymaj,Sprzedaj
PMA,2025-11-21,0.84,62.5,0.0114,0.74,99.03,,100.0,Sprzedaj,Kupuj,Trzymaj,Trzymaj,Sprzedaj,Sprzedaj
PPS,2025-11-21,0.9,40.74,-0.0029,0.91,-59.35,,54.55,Trzymaj,Sprzedaj,Trzymaj,Trzymaj,Trzymaj,Sprzedaj
PRI,2025-11-21,3.14,66.67,0.006,3.12,49.61,,100.0,Sprzedaj,Kupuj,Trzymaj,Trzymaj,Sprzedaj,Sprzedaj
PRM,2025-11-21,23.2,52.94,-0.0481,22.92,38.99,,90.91,Trzymaj,Sprzedaj,Trzymaj,Trzymaj,Sprzedaj,Sprzedaj
PRT,2025-11-21,1.3,58.57,0.0059,1.31,-12.14,,31.25,Trzymaj,Kupuj,Trzymaj,Trzymaj,Trzymaj,Kupuj
PTG,2025-11-21,25.3,48.15,0.0689,25.54,-16.41,,63.16,Trzymaj,Kupuj,Trzymaj,Trzymaj,Trzymaj,Kupuj
PTW,2025-11-21,130.0,36.84,-0.1723,133.7,-36.09,,47.06,Kupuj,Sprzedaj,Trzymaj,Trzymaj,Trzymaj,Sprzedaj
PUR,2025-11-21,4.4,10.57,-0.1035,5.11,-108.35,,0.0,Silne kupuj,Sprzedaj,Trzymaj,Kupuj,Kupuj,Kupuj
PWX,2025-11-21,1.31,27.27,-0.0056,1.37,-140.35,,0.0,Silne kupuj,Sprzedaj,Trzymaj,Kupuj,Kupuj,Kupuj
PXM,2025-11-21,5.71,43.65,-0.0339,6.08,-56.79,,0.0,Trzymaj,Sprzedaj,Trzymaj,Trzymaj,Kupuj,Sprzedaj
PZU,2025-11-21,61.06,60.78,-0.0483,59.98,30.74,,73.19,Sprzedaj,Sprzedaj,Trzymaj,Trzymaj,Trzymaj,Sprzedaj
QNA,2025-11-21,25.5,21.87,-0.0224,26.89,-54.45,,11.11,Silne kupuj,Sprzedaj,Trzymaj,Trzymaj,Kupuj,Kupuj
QNT,2025-11-21,25.6,60.0,0.0191,24.92,61.26,,75.0,Trzymaj,Kupuj,Trzymaj,Trzymaj,Trzymaj,Kupuj
QRS,2025-11-21,12.15,34.37,-0.1373,12.96,-88.5,,0.0,Kupuj,Sprzedaj,Kupuj,Trzymaj,Kupuj,Kupuj
RAE,2025-11-21,0.57,35.14,-0.0086,0.62,-118.51,,0.0,Kupuj,Sprzedaj,Trzymaj,Kupuj,Kupuj,Kupuj
RAF,2025-11-21,54.0,68.18,0.3285,51.55,105.89,,100.0,Sprzedaj,Kupuj,Sprzedaj,Sprzedaj,Sprzedaj,Silne sprzedaj
RBW,2025-11-21,123.6,48.12,0.3283,123.5,7.14,,47.06,Trzymaj,Kupuj,Trzymaj,Trzymaj,Trzymaj,Kupuj
RDN,2025-11-21,0.05,30.95,-0.0002,0.06,-80.2,,0.0,Kupuj,Sprzedaj,Trzymaj,Trzymaj,Kupuj,Kupuj
REG,2025-11-21,0.8,29.87,-0.099,1.17,-41.39,,5.28,Silne kupuj,Sprzedaj,Trzymaj,Trzymaj,Kupuj,Kupuj
RFK,2025-11-21,0.01,8.22,0.0073,0.16,-64.51,,0.0,Silne kupuj,Kupuj,Kupuj,Trzymaj,Kupuj,Silne kupuj
RHD,2025-11-21,0.06,50.83,0.0003,0.06,-56.28,,8.33,Trzymaj,Kupuj,Trzymaj,Trzymaj,Kupuj,Kupuj
RLP,2025-11-21,5.24,50.0,0.0047,5.18,91.11,,87.5,Trzymaj,Kupuj,Trzymaj,Trzymaj,Sprzedaj,Sprzedaj
RMK,2025-11-21,12.4,28.0,-0.0309,12.74,-61.04,,42.86,Silne kupuj,Sprzedaj,Trzymaj,Trzymaj,Trzymaj,Sprzedaj
RNC,2025-11-21,0.82,52.08,0.0074,0.79,85.62,,100.0,Trzymaj,Kupuj,Trzymaj,Trzymaj,Sprzedaj,Sprzedaj
RND,2025-11-21,74.0,42.42,-0.1363,76.08,-80.9,,21.43,Trzymaj,Sprzedaj,Trzymaj,Trzymaj,Trzymaj,Sprzedaj
RNK,2025-11-21,4.36,78.18,0.0389,4.1,336.31,,100.0,Silne sprzedaj,Kupuj,Sprzedaj,Sprzedaj,Sprzedaj,Sprzedaj
RPC,2025-11-21,23.3,50.0,-0.0311,23.65,-56.95,,30.0,Trzymaj,Sprzedaj,Trzymaj,Trzymaj,Trzymaj,Sprzedaj
RVU,2025-11-21,23.4,47.73,0.0848,24.26,-49.4,,22.5,Trzymaj,Kupuj,Trzymaj,Trzymaj,Trzymaj,Kupuj
RWL,2025-11-21,13.25,38.78,-0.0026,13.58,-51.28,,13.33,Kupuj,Sprzedaj,Trzymaj,Trzymaj,Kupuj,Kupuj
SAN,2025-11-21,37.21,51.75,-0.176,37.65,-20.34,,6.26,Trzymaj,Sprzedaj,Trzymaj,Trzymaj,Kupuj,Sprzedaj
SCP,2025-11-21,144.8,25.4,-0.6766,152.14,-42.79,,0.0,Silne kupuj,Sprzedaj,Trzymaj,Trzymaj,Kupuj,Kupuj
SEK,2025-11-21,8.36,50.0,0.0014,8.34,27.78,,80.0,Trzymaj,Kupuj,Trzymaj,Trzymaj,Trzymaj,Kupuj
SEL,2025-11-21,38.2,46.51,-0.1274,38.54,-41.97,,13.33,Trzymaj,Sprzedaj,Trzymaj,Trzymaj,Kupuj,Sprzedaj
SEN,2025-11-21,0.71,9.26,0.0179,1.0,-145.23,,0.0,Silne kupuj,Kupuj,Kupuj,Kupuj,Kupuj,Silne kupuj
SFG,2025-11-21,5.18,47.22,0.0003,5.18,2.16,,77.78,Trzymaj,Kupuj,Trzymaj,Trzymaj,Trzymaj,Kupuj
SFS,2025-11-21,0.39,47.97,-0.0029,0.41,-95.88,,16.67,Trzymaj,Sprzedaj,Trzymaj,Trzymaj,Kupuj,Sprzedaj
SGN,2025-11-21,88.8,35.59,-0.7192,97.56,-203.29,,0.0,Kupuj,Sprzedaj,Kupuj,Kupuj,Kupuj,Silne kupuj
SGR,2025-11-21,0.12,20.0,-0.0018,0.19,-65.34,,0.0,Silne kupuj,Sprzedaj,Trzymaj,Trzymaj,Kupuj,Kupuj
SHD,2025-11-21,0.41,34.78,0.0013,0.4,85.24,,100.0,Kupuj,Kupuj,Trzymaj,Trzymaj,Sprzedaj,Kupuj
SHG,2025-11-21,0.27,48.72,-0.0014,0.3,-87.33,,0.0,Trzymaj,Sprzedaj,Trzymaj,Trzymaj,Kupuj,Sprzedaj
SHO,2025-11-21,49.0,30.77,-0.5479,52.79,-108.71,,0.0,Kupuj,Sprzedaj,Trzymaj,Kupuj,Kupuj,Kupuj
SIM,2025-11-21,1.78,47.13,0.0031,1.79,-21.29,,67.24,Trzymaj,Kupuj,Trzymaj,Trzymaj,Trzymaj,Kupuj
SKA,2025-11-21,82.0,57.5,0.3296,79.88,115.94,,100.0,Trzymaj,Kupuj,Trzymaj,Sprzedaj,Sprzedaj,Sprzedaj
SKH,2025-11-21,30.1,42.86,-0.1472,30.99,-136.85,,6.67,Trzymaj,Sprzedaj,Trzymaj,Kupuj,Kupuj,Kupuj
SKL,2025-11-21,1.4,37.21,-0.0102,1.49,-111.48,,27.78,Kupuj,Sprzedaj,Trzymaj,Kupuj,Trzymaj,Kupuj
SLV,2025-11-21,43.9,70.59,0.345,39.72,125.75,,86.75,Silne sprzedaj,Kupuj,Trzymaj,Sprzedaj,Sprzedaj,Sprzedaj
SNK,2025-11-21,20.2,19.05,-0.041,20.98,-91.81,,0.0,Silne kupuj,Sprzedaj,Trzymaj,Trzymaj,Kupuj,Kupuj
SNT,2025-11-21,260.0,46.11,-1.2143,261.62,-21.12,,59.6,Trzymaj,Sprzedaj,Trzymaj,Trzymaj,Trzymaj,Sprzedaj
SNW,2025-11-21,1.4,37.5,-0.0081,1.46,-97.18,,24.14,Kupuj,Sprzedaj,Trzymaj,Trzymaj,Trzymaj,Sprzedaj
SNX,2025-11-21,4.24,18.48,-0.0074,4.77,-70.3,,0.0,Silne kupuj,Sprzedaj,Trzymaj,Trzymaj,Kupuj,Kupuj
SON,2025-11-21,16.55,36.17,-0.0415,16.99,-168.2,,0.0,Kupuj,Sprzedaj,Trzymaj,Kupuj,Kupuj,Kupuj
SPH,2025-11-21,12.75,35.16,-0.2486,14.6,-170.42,,0.0,Kupuj,Sprzedaj,Kupuj,Kupuj,Kupuj,Silne kupuj
SPL,2025-11-21,490.7,51.79,-0.9891,498.5,-68.64,,27.98,Trzymaj,Sprzedaj,Trzymaj,Trzymaj,Trzymaj,Sprzedaj
SPR,2025-11-21,481.0,30.66,-1.0757,502.75,-59.57,,28.57,Kupuj,Sprzedaj,Trzymaj,Trzymaj,Trzymaj,Sprzedaj
STF,2025-11-21,8.1,26.83,-0.0315,8.38,-160.05,,0.0,Silne kupuj,Sprzedaj,Trzymaj,Kupuj,Kupuj,Kupuj
STP,2025-11-21,245.0,21.21,-2.3106,257.15,-160.56,,9.52,Silne kupuj,Sprzedaj,Trzymaj,Kupuj,Kupuj,Kupuj
STS,2025-11-21,0.31,55.73,-0.0014,0.3,17.96,,45.71,Trzymaj,Sprzedaj,Trzymaj,Trzymaj,Trzymaj,Sprzedaj
STX,2025-11-21,3.0,63.33,-0.0031,3.0,-2.74,,45.45,Sprzedaj,Sprzedaj,Trzymaj,Trzymaj,Trzymaj,Sprzedaj
SVE,2025-11-21,3.92,36.36,-0.0036,4.08,-134.57,,0.0,Kupuj,Sprzedaj,Kupuj,Kupuj,Kupuj,Silne kupuj
SVRS,2025-11-21,10.8,55.97,-0.1251,10.33,23.92,,52.63,Trzymaj,Sprzedaj,Trzymaj,Trzymaj,Trzymaj,Sprzedaj
SWG,2025-11-21,28.0,50.0,0.0094,28.01,-1.62,,50.0,Trzymaj,Kupuj,Trzymaj,Trzymaj,Trzymaj,Kupuj
TAR,2025-11-21,123.0,52.17,-0.1656,123.08,-2.16,,35.71,Trzymaj,Sprzedaj,Trzymaj,Trzymaj,Trzymaj,Sprzedaj
TBL,2025-11-21,3.26,38.04,-0.0549,3.79,-159.49,,0.0,Kupuj,Sprzedaj,Kupuj,Kupuj,Kupuj,Silne kupuj
TEN,2025-11-21,88.1,41.04,-0.4713,90.86,-171.84,,0.0,Trzymaj,Sprzedaj,Kupuj,Kupuj,Kupuj,Kupuj
THG,2025-11-21,6.46,58.46,-0.0046,6.43,19.29,,68.42,Trzymaj,Sprzedaj,Trzymaj,Trzymaj,Trzymaj,Sprzedaj
TLX,2025-11-21,19.9,63.33,0.0659,19.62,66.55,,100.0,Sprzedaj,Kupuj,Trzymaj,Trzymaj,Sprzedaj,Sprzedaj
TMR,2025-11-21,94.0,48.78,-0.2656,94.62,-14.97,,57.89,Trzymaj,Sprzedaj,Trzymaj,Trzymaj,Trzymaj,Sprzedaj
TOA,2025-11-21,9.13,31.01,-0.1446,10.09,-118.18,,0.0,Kupuj,Sprzedaj,Trzymaj,Kupuj,Kupuj,Kupuj
TOR,2025-11-21,54.8,59.26,-0.0107,53.62,25.54,,65.0,Trzymaj,Sprzedaj,Trzymaj,Trzymaj,Trzymaj,Sprzedaj
TOW,2025-11-21,2.35,49.22,0.0272,2.42,-21.68,,0.0,Trzymaj,Kupuj,Trzymaj,Trzymaj,Kupuj,Kupuj
TPE,2025-11-21,9.73,46.41,-0.1282,10.21,-44.07,,24.83,Trzymaj,Sprzedaj,Trzymaj,Trzymaj,Trzymaj,Sprzedaj
TRI,2025-11-21,3.0,43.43,-0.0176,3.1,-45.07,,37.5,Trzymaj,Sprzedaj,Trzymaj,Trzymaj,Trzymaj,Sprzedaj
TRK,2025-11-21,2.91,50.0,-0.0398,3.01,-30.68,,0.0,Trzymaj,Sprzedaj,Trzymaj,Trzymaj,Kupuj,Sprzedaj
TRN,2025-11-21,3.81,43.66,-0.0087,3.89,-77.16,,0.0,Trzymaj,Sprzedaj,Trzymaj,Trzymaj,Kupuj,Sprzedaj
TRR,2025-11-21,0.64,9.09,-0.0051,0.68,-285.09,,0.0,Silne kupuj,Sprzedaj,Kupuj,Kupuj,Kupuj,Silne kupuj
TSG,2025-11-21,2.56,23.08,-0.0142,2.63,-118.94,,0.0,Silne kupuj,Sprzedaj,Trzymaj,Kupuj,Kupuj,Kupuj
TXT,2025-11-21,44.48,14.24,-0.3142,47.82,-108.38,,0.0,Silne kupuj,Sprzedaj,Trzymaj,Kupuj,Kupuj,Kupuj
UCG,2025-11-21,266.8,45.06,-0.8958,271.53,-53.83,,4.93,Trzymaj,Sprzedaj,Trzymaj,Trzymaj,Kupuj,Sprzedaj
ULG,2025-11-21,12.5,20.41,-0.256,13.82,-129.51,,0.0,Silne kupuj,Sprzedaj,Trzymaj,Kupuj,Kupuj,Kupuj
ULM,2025-11-21,58.0,45.71,0.2125,57.4,19.58,,92.31,Trzymaj,Kupuj,Trzymaj,Trzymaj,Sprzedaj,Sprzedaj
UNF,2025-11-21,1.5,53.75,0.0082,1.41,72.41,,62.5,Trzymaj,Kupuj,Trzymaj,Trzymaj,Trzymaj,Kupuj
UNI,2025-11-21,12.5,70.0,-0.0172,11.99,47.44,,84.38,Sprzedaj,Sprzedaj,Trzymaj,Trzymaj,Sprzedaj,Silne sprzedaj
UNT,2025-11-21,125.8,39.83,-0.0275,128.54,-74.42,,8.33,Kupuj,Sprzedaj,Trzymaj,Trzymaj,Kupuj,Kupuj
URT,2025-11-21,37.5,63.66,0.5541,36.6,9.96,,47.46,Sprzedaj,Kupuj,Trzymaj,Trzymaj,Trzymaj,Sprzedaj
VGO,2025-11-21,470.0,23.81,-4.6992,500.6,-148.63,,9.43,Silne kupuj,Sprzedaj,Trzymaj,Kupuj,Kupuj,Kupuj
VIN,2025-11-21,11.6,38.1,-0.0126,11.72,-110.38,,20.0,Kupuj,Sprzedaj,Trzymaj,Kupuj,Kupuj,Kupuj
VOT,2025-11-21,47.35,54.19,0.0874,46.54,113.35,,100.0,Trzymaj,Kupuj,Trzymaj,Sprzedaj,Sprzedaj,Sprzedaj
VOX,2025-11-21,144.0,37.27,-0.774,153.92,-89.71,,0.0,Kupuj,Sprzedaj,Kupuj,Trzymaj,Kupuj,Kupuj
VRC,2025-11-21,118.2,38.0,-0.4452,122.25,-194.88,,16.67,Kupuj,Sprzedaj,Trzymaj,Kupuj,Kupuj,Kupuj
VRG,2025-11-21,4.79,79.66,0.0293,4.62,105.18,,87.5,Silne sprzedaj,Kupuj,Trzymaj,Sprzedaj,Sprzedaj,Sprzedaj
VTL,2025-11-21,0.6,36.36,0.0279,0.73,-20.58,,50.36,Kupuj,Kupuj,Trzymaj,Trzymaj,Trzymaj,Kupuj
VVD,2025-11-21,0.8,43.45,-0.0025,0.84,-53.57,,4.6,Trzymaj,Sprzedaj,Trzymaj,Trzymaj,Kupuj,Sprzedaj
WAS,2025-11-21,1.71,63.64,0.0089,1.69,22.79,,75.0,Sprzedaj,Kupuj,Trzymaj,Trzymaj,Trzymaj,Sprzedaj
WIK,2025-11-21,7.3,52.38,0.0707,7.02,36.49,,100.0,Trzymaj,Kupuj,Trzymaj,Trzymaj,Sprzedaj,Sprzedaj
WIS,2025-11-21,0.04,17.08,-0.0354,0.31,-200.07,,0.14,Silne kupuj,Sprzedaj,Kupuj,Kupuj,Kupuj,Silne kupuj
WLT,2025-11-21,6.39,30.77,-0.0425,6.77,-114.48,,29.67,Kupuj,Sprzedaj,Trzymaj,Kupuj,Trzymaj,Kupuj
WPL,2025-11-21,54.4,45.69,0.2008,55.4,-29.59,,53.33,Trzymaj,Kupuj,Trzymaj,Trzymaj,Trzymaj,Kupuj
WPR,2025-11-21,3.06,31.43,-0.0237,3.27,-98.1,,5.56,Kupuj,Sprzedaj,Trzymaj,Trzymaj,Kupuj,Kupuj
WTN,2025-11-21,16.48,58.56,-0.042,16.65,-25.44,,23.81,Trzymaj,Sprzedaj,Trzymaj,Trzymaj,Trzymaj,Sprzedaj
WWL,2025-11-21,712.0,58.33,-0.1493,702.0,83.86,,100.0,Trzymaj,Sprzedaj,Trzymaj,Trzymaj,Sprzedaj,Sprzedaj
WXF,2025-11-21,2.45,34.21,0.0012,2.5,-57.4,,22.22,Kupuj,Kupuj,Trzymaj,Trzymaj,Trzymaj,Kupuj
XPL,2025-11-21,2.38,17.19,-0.0356,2.66,-228.91,,2.38,Silne kupuj,Sprzedaj,Kupuj,Kupuj,Kupuj,Silne kupuj
XTB,2025-11-21,68.02,44.71,-0.0483,69.42,-67.77,,0.0,Trzymaj,Sprzedaj,Trzymaj,Trzymaj,Kupuj,Sprzedaj
XTP,2025-11-21,69.3,25.97,0.047,71.61,-102.5,,0.0,Silne kupuj,Kupuj,Trzymaj,Kupuj,Kupuj,Silne kupuj
YAN,2025-11-21,13.7,27.78,-0.0692,14.12,-84.54,,0.0,Silne kupuj,Sprzedaj,Trzymaj,Trzymaj,Kupuj,Kupuj
YOL,2025-11-21,0.34,45.69,0.0001,0.34,-32.05,,12.5,Trzymaj,Kupuj,Trzymaj,Trzymaj,Kupuj,Kupuj
YRL,2025-11-21,7.18,18.97,-0.0515,7.62,-95.07,,0.0,Silne kupuj,Sprzedaj,Trzymaj,Trzymaj,Kupuj,Kupuj
ZAB,2025-11-21,24.35,80.21,0.2798,22.33,172.98,,100.0,Silne sprzedaj,Kupuj,Trzymaj,Sprzedaj,Sprzedaj,Sprzedaj
ZAP,2025-11-21,47.9,59.77,0.2811,46.39,105.79,,76.47,Trzymaj,Kupuj,Trzymaj,Sprzedaj,Trzymaj,Sprzedaj
ZEP,2025-11-21,21.2,28.57,-0.0512,21.86,-205.37,,0.0,Silne kupuj,Sprzedaj,Kupuj,Kupuj,Kupuj,Silne kupuj
ZMT,2025-11-21,0.76,33.33,-0.0009,0.79,-98.16,,0.0,Kupuj,Sprzedaj,Trzymaj,Trzymaj,Kupuj,Kupuj
ZRE,2025-11-21,9.3,40.94,-0.0616,9.86,-95.7,,0.0,Trzymaj,Sprzedaj,Kupuj,Trzymaj,Kupuj,Kupuj
ZUE,2025-11-21,10.35,23.08,-0.0545,10.81,-109.12,,0.0,Silne kupuj,Sprzedaj,Trzymaj,Kupuj,Kupuj,Kupuj
ZUK,2025-11-21,3.98,39.58,-0.0357,4.06,-70.41,,40.0,Kupuj,Sprzedaj,Trzymaj,Trzymaj,Trzymaj,Sprzedaj
